{
  "LMHO": {
    "VenueCode": "LMHO",
    "VenueName": "Lakshmi Cinemas RGB Laser QSC Dolby Atmos: Hosur",
    "VenueAddress": "Survy No- 518/1A, Plot No.205-A, NHS Hosur, Phase VII, Krishnagiri, Hosur, Tamil Nadu 635109, India",
    "City": "Hosur",
    "State": "Tamil Nadu",
    "RegionCode": "HSUR",
    "SubRegionCode": "HSUR",
    "Latitude": "12.7422",
    "Longitude": "77.8288",
    "AvailableFormats": "2D"
  },
  "RHGH": {
    "VenueCode": "RHGH",
    "VenueName": "Rajhans Cinemas: Gandhidham",
    "VenueAddress": "Aditya Mall And Multiplex, DC 2, Gurukul Road, Gandhidham, Gujarat 370201, India",
    "City": "Gandhidham",
    "State": "Gujarat",
    "RegionCode": "ADPR",
    "SubRegionCode": "ADPR",
    "Latitude": "23.0752",
    "Longitude": "70.1164",
    "AvailableFormats": "2D"
  },
  "OMCM": {
    "VenueCode": "OMCM",
    "VenueName": "Om Cineplex: Gandhidham",
    "VenueAddress": "Om Cineplex, M/s Naren Enterprise, Plot No - A, WARD NO. 6  (COMMERCIAL) Ram Baugh Crossways,Gandhidham, Gujarat 370201, India",
    "City": "Gandhidham",
    "State": "Gujarat",
    "RegionCode": "ADPR",
    "SubRegionCode": "ADPR",
    "Latitude": "23.076",
    "Longitude": "70.1075",
    "AvailableFormats": "2D"
  },
  "SSCK": {
    "VenueCode": "SSCK",
    "VenueName": "Sree Sailam Cine House 4K: Kadakkal",
    "VenueAddress": "Sree Sailom Cine House, Nilamel - Madathara Road, Kadakkal, Kerala 691536, India",
    "City": "Kadakkal",
    "State": "Kerala",
    "RegionCode": "KDKL",
    "SubRegionCode": "KDKL",
    "Latitude": "8.82757",
    "Longitude": "76.9097",
    "AvailableFormats": "2D"
  },
  "SRDC": {
    "VenueCode": "SRDC",
    "VenueName": "SreeDhanya Cinemax",
    "VenueAddress": "Paripally Madathara Rd, Kanjirathummoodu,Kerala, Near Nithyasree Auditorium, Kadakkal, Kerala 691559, India",
    "City": "Kadakkal",
    "State": "Kerala",
    "RegionCode": "KDKL",
    "SubRegionCode": "KDKL",
    "Latitude": "8.82405",
    "Longitude": "76.9511",
    "AvailableFormats": "2D"
  },
  "AVDM": {
    "VenueCode": "AVDM",
    "VenueName": "AVD Cinemas: Mahbubnagar",
    "VenueAddress": "Shah Saheb Gutta, Boyapalle Rural, Near Sri Hanuman Temple, Mahbubnagar, Telangana 509001, India",
    "City": "Mahbubnagar",
    "State": "Telangana",
    "RegionCode": "DEVR",
    "SubRegionCode": "DEVR",
    "Latitude": "16.7451",
    "Longitude": "77.9918",
    "AvailableFormats": "2D"
  },
  "ASMH": {
    "VenueCode": "ASMH",
    "VenueName": "Asian Srinivasa: Mahbubnagar",
    "VenueAddress": "Shah Saheb Gutta, Opposite Rehmania Masjid, Near Model Basic High School, Mahbubnagar, Telangana 509001, India",
    "City": "Mahbubnagar",
    "State": "Telangana",
    "RegionCode": "DEVR",
    "SubRegionCode": "DEVR",
    "Latitude": "16.7437",
    "Longitude": "77.9912",
    "AvailableFormats": "2D"
  },
  "VTMB": {
    "VenueCode": "VTMB",
    "VenueName": "Venkateswara Theatre: Mahbubnagar",
    "VenueAddress": "Shah Saheb Gutta, Near Srinivasa Theatre, Mahbubnagar, Telangana 509001, India",
    "City": "Mahbubnagar",
    "State": "Telangana",
    "RegionCode": "DEVR",
    "SubRegionCode": "DEVR",
    "Latitude": "16.744",
    "Longitude": "77.9918",
    "AvailableFormats": "2D"
  },
  "GCDC": {
    "VenueCode": "GCDC",
    "VenueName": "Geeta Cineplex: Dabra",
    "VenueAddress": "Geeta Talkies Road, Near Shree Krishna Dairy, Subhash Ganj, Darshan Colony, Dabra, Madhya Pradesh 475110, India",
    "City": "Dabra",
    "State": "Madhya Pradesh",
    "RegionCode": "DABR",
    "SubRegionCode": "DABR",
    "Latitude": "25.8863",
    "Longitude": "78.335",
    "AvailableFormats": "2D"
  },
  "PCXD": {
    "VenueCode": "PCXD",
    "VenueName": "Prakash Cineplex: Dabra",
    "VenueAddress": "Jawahar Ganj, Gurudwara Road, Dabra, Madhya Pradesh 475110, India",
    "City": "Dabra",
    "State": "Madhya Pradesh",
    "RegionCode": "DABR",
    "SubRegionCode": "DABR",
    "Latitude": "25.8839",
    "Longitude": "78.3284",
    "AvailableFormats": "2D"
  },
  "CBMU": {
    "VenueCode": "CBMU",
    "VenueName": "PVR: Celebration Mall, Udaipur",
    "VenueAddress": "4th Floor, The Celebration Mall, Sundercha N.H.- 8, Bhuwana, Opposite Devendra Dham Bhuwan, Udaipur, Rajasthan 313001, India",
    "City": "Udaipur",
    "State": "Rajasthan",
    "RegionCode": "UDAI",
    "SubRegionCode": "UDAI",
    "Latitude": "24.6123",
    "Longitude": "73.7026",
    "AvailableFormats": "2D|3D"
  },
  "IUBS": {
    "VenueCode": "IUBS",
    "VenueName": "INOX: Urban Square Mall, Udaipur",
    "VenueAddress": "PVR INOX LTD, 3rd Floor Urban Square Mall, Plot No. F - 210 to 223, Udyog Vihar, Gaurav Path, RIICO Industrial Area, Sukher, Udaipur, Rajasthan 313001, India",
    "City": "Udaipur",
    "State": "Rajasthan",
    "RegionCode": "UDAI",
    "SubRegionCode": "UDAI",
    "Latitude": "24.6321",
    "Longitude": "73.7126",
    "AvailableFormats": "2D"
  },
  "INAP": {
    "VenueCode": "INAP",
    "VenueName": "INOX: Lake City Mall",
    "VenueAddress": "5th Floor,Lake City Mall, University Road, Ashok Nagar, Near Porwal Ji Ki Badi, Udaipur, Rajasthan 313001, India",
    "City": "Udaipur",
    "State": "Rajasthan",
    "RegionCode": "UDAI",
    "SubRegionCode": "UDAI",
    "Latitude": "24.5863",
    "Longitude": "73.7104",
    "AvailableFormats": "2D"
  },
  "CTPX": {
    "VenueCode": "CTPX",
    "VenueName": "Cityplex Cinema: Bhatapara",
    "VenueAddress": "2nd floor, City Centre Mall, Bhatapara, Chhattisgarh 493118, India",
    "City": "Bhatapara",
    "State": "Chhattisgarh",
    "RegionCode": "BTAP",
    "SubRegionCode": "BTAP",
    "Latitude": "21.7403",
    "Longitude": "81.9349",
    "AvailableFormats": "2D"
  },
  "JPCC": {
    "VenueCode": "JPCC",
    "VenueName": "JP Cinemas: Chhatarpur",
    "VenueAddress": "JP Paradise, Peptech Town, Nowgong Road, National Highway 39, Chhatarpur, Madhya Pradesh 471001, India",
    "City": "Chhatarpur",
    "State": "Madhya Pradesh",
    "RegionCode": "CHHT",
    "SubRegionCode": "CHHT",
    "Latitude": "24.9439",
    "Longitude": "79.564",
    "AvailableFormats": "2D"
  },
  "ACDC": {
    "VenueCode": "ACDC",
    "VenueName": "Ashoka Cineplex: Chhatarpur",
    "VenueAddress": "Green Avenue Colony, Next to Dr. Radhakrishna Higher Secondary School, Chhatarpur, Madhya Pradesh 471001, India",
    "City": "Chhatarpur",
    "State": "Madhya Pradesh",
    "RegionCode": "CHHT",
    "SubRegionCode": "CHHT",
    "Latitude": "24.8849",
    "Longitude": "79.5946",
    "AvailableFormats": "2D"
  },
  "RMCJ": {
    "VenueCode": "RMCJ",
    "VenueName": "Rajmandir Cinema (Dolby Atmos): Jaipur",
    "VenueAddress": "C-16, Panch Batti, Bhagwandas Road, C Scheme, Near Allahabad Bank, Jaipur, Rajasthan 302001, India",
    "City": "Jaipur",
    "State": "Rajasthan",
    "RegionCode": "JAIP",
    "SubRegionCode": "JAIP",
    "Latitude": "26.9155",
    "Longitude": "75.8102",
    "AvailableFormats": "2D"
  },
  "PVJM": {
    "VenueCode": "PVJM",
    "VenueName": "PVR: Mall of Jaipur",
    "VenueAddress": "3rd Floor Mall Of Jaipur, Gandhi Path W, B Block, Vaishali Nagar, Jaipur, Rajasthan 302021, India",
    "City": "Jaipur",
    "State": "Rajasthan",
    "RegionCode": "JAIP",
    "SubRegionCode": "JAIP",
    "Latitude": "26.9062",
    "Longitude": "75.7344",
    "AvailableFormats": "2D|4DX 3D|3D|4DX"
  },
  "EPJM": {
    "VenueCode": "EPJM",
    "VenueName": "Miraj Cinemas: Entertainment Paradise, Jaipur",
    "VenueAddress": "J L N Marg, Jawahar Circle, Tonk Road, Jaipur, Rajasthan 302017, India",
    "City": "Jaipur",
    "State": "Rajasthan",
    "RegionCode": "JAIP",
    "SubRegionCode": "JAIP",
    "Latitude": "26.838",
    "Longitude": "75.7971",
    "AvailableFormats": "2D"
  },
  "CPJI": {
    "VenueCode": "CPJI",
    "VenueName": "Cinepolis: Jewel of India, Jaipur (Newly Opened)",
    "VenueAddress": "Cinepolis Jewel of India Jaipur, 1st Floor, KH. No.180,181,184,186, Horizon Tower, Jawahar Lal Nehru Marg, Jaipur, Rajasthan 302018, India",
    "City": "Jaipur",
    "State": "Rajasthan",
    "RegionCode": "JAIP",
    "SubRegionCode": "JAIP",
    "Latitude": "26.857",
    "Longitude": "75.8051",
    "AvailableFormats": "2D|3D"
  },
  "CNWJ": {
    "VenueCode": "CNWJ",
    "VenueName": "Cinepolis: World Trade Park Mall, Jaipur",
    "VenueAddress": "D-Block, Sector 4, JLN Marg, Malviya Nagar, Jaipur, Rajasthan 302017, India",
    "City": "Jaipur",
    "State": "Rajasthan",
    "RegionCode": "JAIP",
    "SubRegionCode": "JAIP",
    "Latitude": "26.8532",
    "Longitude": "75.8048",
    "AvailableFormats": "2D"
  },
  "FNJJ": {
    "VenueCode": "FNJJ",
    "VenueName": "Cinepolis: Triton Mega Mall, Jaipur",
    "VenueAddress": "Jhotwara Road, Plot No: 1/1, Triton Mega Mall, Jaipur, Rajasthan 302012, India",
    "City": "Jaipur",
    "State": "Rajasthan",
    "RegionCode": "JAIP",
    "SubRegionCode": "JAIP",
    "Latitude": "26.9422",
    "Longitude": "75.771",
    "AvailableFormats": "2D"
  },
  "GCMJ": {
    "VenueCode": "GCMJ",
    "VenueName": "INOX: GT Central Mall, Jaipur",
    "VenueAddress": "4th Floor, G.T Central Mall, Plot No.4, Indira Palace, Malviya Nagar, Jaipur, Rajasthan 302017, India",
    "City": "Jaipur",
    "State": "Rajasthan",
    "RegionCode": "JAIP",
    "SubRegionCode": "JAIP",
    "Latitude": "26.8563",
    "Longitude": "75.8059",
    "AvailableFormats": "2D|3D"
  },
  "INPS": {
    "VenueCode": "INPS",
    "VenueName": "INOX: Pink Square Mall, Adarsh Nagar",
    "VenueAddress": "Raja Park, Govind Marg, Pink Square Mall, Jaipur, Rajasthan 302004, India",
    "City": "Jaipur",
    "State": "Rajasthan",
    "RegionCode": "JAIP",
    "SubRegionCode": "JAIP",
    "Latitude": "26.9031",
    "Longitude": "75.8364",
    "AvailableFormats": "2D"
  },
  "GLXJ": {
    "VenueCode": "GLXJ",
    "VenueName": "Galaxy Cinema Mansarovar: Jaipur",
    "VenueAddress": "SP, 9, Shipra Path, RIICO Industrial Area, Mansarovar, Jaipur, Rajasthan 302020, India",
    "City": "Jaipur",
    "State": "Rajasthan",
    "RegionCode": "JAIP",
    "SubRegionCode": "JAIP",
    "Latitude": "26.8337",
    "Longitude": "75.7783",
    "AvailableFormats": "2D"
  },
  "ISTJ": {
    "VenueCode": "ISTJ",
    "VenueName": "INOX: Sunny Trade Center, Jaipur",
    "VenueAddress": "Sunny Trade Center, 3rd Floor, New Aatish Market, Jaipur, Rajasthan 302020, India",
    "City": "Jaipur",
    "State": "Rajasthan",
    "RegionCode": "JAIP",
    "SubRegionCode": "JAIP",
    "Latitude": "26.8768",
    "Longitude": "75.7608",
    "AvailableFormats": "2D"
  },
  "INJC": {
    "VenueCode": "INJC",
    "VenueName": "INOX: Crystal Palm, C Scheme",
    "VenueAddress": "3rd Floor, Crystal Palm Mall, Sardar Patel Marg, Shivaji Nagar, Opposite MGF Metropolitan Mall, Jaipur, Rajasthan 302001, India",
    "City": "Jaipur",
    "State": "Rajasthan",
    "RegionCode": "JAIP",
    "SubRegionCode": "JAIP",
    "Latitude": "26.9033",
    "Longitude": "75.7926",
    "AvailableFormats": "2D"
  },
  "BICJ": {
    "VenueCode": "BICJ",
    "VenueName": "Cinestar Multiplex: Vidhyadhar Nagar",
    "VenueAddress": "B-6, Central Spine Road, Vidyadhar Nagar, Near Delhi Public School, Jaipur, Rajasthan 302039, India",
    "City": "Jaipur",
    "State": "Rajasthan",
    "RegionCode": "JAIP",
    "SubRegionCode": "JAIP",
    "Latitude": "26.965",
    "Longitude": "75.7812",
    "AvailableFormats": "2D"
  },
  "INEM": {
    "VenueCode": "INEM",
    "VenueName": "INOX: Elements Mall, Ajmer Road",
    "VenueAddress": "3rd Floor, Elements Mall, Ajmer Road, Mahatma Gandhi Nagar, Jaipur, Rajasthan 302021, India",
    "City": "Jaipur",
    "State": "Rajasthan",
    "RegionCode": "JAIP",
    "SubRegionCode": "JAIP",
    "Latitude": "26.8954",
    "Longitude": "75.7486",
    "AvailableFormats": "2D"
  },
  "DDJP": {
    "VenueCode": "DDJP",
    "VenueName": "DD Cinemas: Vivacity Mall, Jaipur",
    "VenueAddress": "DD Cinemas, 5th Floor, Viva City Mall, C-3, Mahal Road, Near Akshay Patra Temple, Mahal Yojana, Jagatpura, Shri Kishanpura, Jaipur, Rajasthan 302022, India",
    "City": "Jaipur",
    "State": "Rajasthan",
    "RegionCode": "JAIP",
    "SubRegionCode": "JAIP",
    "Latitude": "26.8024",
    "Longitude": "75.857",
    "AvailableFormats": "2D"
  },
  "FRCJ": {
    "VenueCode": "FRCJ",
    "VenueName": "First Cinema: Jaipur",
    "VenueAddress": "1, Ashram Marg, Tonk Road Junction, Tonk Road, Near First Cineplex Bus Stop, Jaipur, Rajasthan 302018, India",
    "City": "Jaipur",
    "State": "Rajasthan",
    "RegionCode": "JAIP",
    "SubRegionCode": "JAIP",
    "Latitude": "26.8403",
    "Longitude": "75.7942",
    "AvailableFormats": "2D"
  },
  "JTMN": {
    "VenueCode": "JTMN",
    "VenueName": "INOX: JTM Mall, Malviya Nagar",
    "VenueAddress": "INOX Leisure Ltd, 4th Floor, JTM Mall, Model Town, Malviya Nagar, Jaipur, Rajasthan 302017, India",
    "City": "Jaipur",
    "State": "Rajasthan",
    "RegionCode": "JAIP",
    "SubRegionCode": "JAIP",
    "Latitude": "26.8372",
    "Longitude": "75.8339",
    "AvailableFormats": "2D"
  },
  "INJV": {
    "VenueCode": "INJV",
    "VenueName": "INOX: Vaibhav, Amarapali Circle",
    "VenueAddress": "Vaibhav Complex, C-1 C Block, Amrapali Circle, Vaishali Nagar, Near Vaishali Hospital, Jaipur, Rajasthan 302021, India",
    "City": "Jaipur",
    "State": "Rajasthan",
    "RegionCode": "JAIP",
    "SubRegionCode": "JAIP",
    "Latitude": "26.9128",
    "Longitude": "75.7435",
    "AvailableFormats": "2D"
  },
  "FSTD": {
    "VenueCode": "FSTD",
    "VenueName": "Funstar Cinemas: Vidhyadhar Nagar, Jaipur",
    "VenueAddress": "Vidyadhar Nagar, Times square Mall, Jaipur, Rajasthan 302039, India",
    "City": "Jaipur",
    "State": "Rajasthan",
    "RegionCode": "JAIP",
    "SubRegionCode": "JAIP",
    "Latitude": "26.9606",
    "Longitude": "75.7786",
    "AvailableFormats": "2D"
  },
  "KOCI": {
    "VenueCode": "KOCI",
    "VenueName": "Kohinoor Cinema (Laser Dolby Atmos): Sanganer",
    "VenueAddress": "Station Road, Sanganer, Bharave Colony, Dada Gurudev Nagar, Near Sri Laxmi, Mobile and Repairing, Jaipur, Rajasthan 302029, India",
    "City": "Jaipur",
    "State": "Rajasthan",
    "RegionCode": "JAIP",
    "SubRegionCode": "JAIP",
    "Latitude": "26.8127",
    "Longitude": "75.7783",
    "AvailableFormats": "2D"
  },
  "GMCN": {
    "VenueCode": "GMCN",
    "VenueName": "GEM Cinema: Jaipur",
    "VenueAddress": "MI Road, Near syndicate Bank Bayana Branch, Jaipur, Rajasthan 302003, India",
    "City": "Jaipur",
    "State": "Rajasthan",
    "RegionCode": "JAIP",
    "SubRegionCode": "JAIP",
    "Latitude": "26.9156",
    "Longitude": "75.8236",
    "AvailableFormats": "2D"
  },
  "PACJ": {
    "VenueCode": "PACJ",
    "VenueName": "Paras Cinema: Amer Road",
    "VenueAddress": "Outside Zorawar Singh Gate, Amer Road, Jaipur, Rajasthan 302002, India",
    "City": "Jaipur",
    "State": "Rajasthan",
    "RegionCode": "JAIP",
    "SubRegionCode": "JAIP",
    "Latitude": "26.9349",
    "Longitude": "75.8342",
    "AvailableFormats": "2D"
  },
  "MMDJ": {
    "VenueCode": "MMDJ",
    "VenueName": "7D Masti: Gaurav Tower Central",
    "VenueAddress": "3rd Floor, GT Central, Plot No.4, Indra Place, Malviya Nagar, Jaipur, Rajasthan 302017, India",
    "City": "Jaipur",
    "State": "Rajasthan",
    "RegionCode": "JAIP",
    "SubRegionCode": "JAIP",
    "Latitude": "26.8552",
    "Longitude": "75.808",
    "AvailableFormats": "7D"
  },
  "GDCP": {
    "VenueCode": "GDCP",
    "VenueName": "Gold Cinema: City Plaza, Jaipur",
    "VenueAddress": "City Plaza Mall, Jhotwara Road, Sindhi Colony, Bani Park, Jaipur, Rajasthan 302016, India",
    "City": "Jaipur",
    "State": "Rajasthan",
    "RegionCode": "JAIP",
    "SubRegionCode": "JAIP",
    "Latitude": "26.9355",
    "Longitude": "75.7919",
    "AvailableFormats": "2D"
  },
  "NVPK": {
    "VenueCode": "NVPK",
    "VenueName": "NVP Cinema A/C: Oyoor 4K 3D",
    "VenueAddress": "Oyoor, Ayoor Ithikkara Rd, Near Oyoor Bus Stop, Kollam, Kerala 691537, India",
    "City": "Kollam",
    "State": "Kerala",
    "RegionCode": "KOLM",
    "SubRegionCode": "KOLM",
    "Latitude": "8.87473",
    "Longitude": "76.7745",
    "AvailableFormats": "2D"
  },
  "DNKM": {
    "VenueCode": "DNKM",
    "VenueName": "Dhanya Remya: Kollam",
    "VenueAddress": "Kadapakkada, Kappalandimukku - Kadappakkada Road, Near The Hindu News Paper, Kollam, Kerala 691008, India",
    "City": "Kollam",
    "State": "Kerala",
    "RegionCode": "KOLM",
    "SubRegionCode": "KOLM",
    "Latitude": "8.89143",
    "Longitude": "76.6034",
    "AvailableFormats": "2D"
  },
  "RYCP": {
    "VenueCode": "RYCP",
    "VenueName": "Revathy Cinemax: RGB Real Laser, Parippally",
    "VenueAddress": "KSEB Substation, Kulamada Parippally, Near Grudeva Temple Kulamada, Kollam, Kerala 695603, India",
    "City": "Kollam",
    "State": "Kerala",
    "RegionCode": "KOLM",
    "SubRegionCode": "KOLM",
    "Latitude": "8.81177",
    "Longitude": "76.7723",
    "AvailableFormats": "2D"
  },
  "GXCK": {
    "VenueCode": "GXCK",
    "VenueName": "Gmax Cinemas Jerome 3D 7.1 JBL: Kollam",
    "VenueAddress": "Bishop Jerome Nagar, 6th Avenue, 4th Floor, Chinnakkada, Kollam, Near State Bank of India, Kollam, Kerala 691001, India",
    "City": "Kollam",
    "State": "Kerala",
    "RegionCode": "KOLM",
    "SubRegionCode": "KOLM",
    "Latitude": "8.88672",
    "Longitude": "76.5888",
    "AvailableFormats": "2D"
  },
  "MYHJ": {
    "VenueCode": "MYHJ",
    "VenueName": "MY Cinemas, H&J Complex: Karunagapally",
    "VenueAddress": "Level 3, H and J Complex Mall, Lalaji Junction, Kollam, Near Municipal Office, Karunagapally, Kerala 690518, India",
    "City": "Karunagapally",
    "State": "Kerala",
    "RegionCode": "KOLM",
    "SubRegionCode": "KOLM",
    "Latitude": "9.04943",
    "Longitude": "76.5355",
    "AvailableFormats": "2D"
  },
  "PPAK": {
    "VenueCode": "PPAK",
    "VenueName": "Partha Movie Houses 4K ATMOS",
    "VenueAddress": "National Highway 744, Karicode, Peroor, Kottamkara, Kerala, Kollam, Kerala 691005, India",
    "City": "Kollam",
    "State": "Kerala",
    "RegionCode": "KOLM",
    "SubRegionCode": "KOLM",
    "Latitude": "8.90595",
    "Longitude": "76.6233",
    "AvailableFormats": "2D"
  },
  "JBCS": {
    "VenueCode": "JBCS",
    "VenueName": "JB Cinemas 4K 3D: Nallila",
    "VenueAddress": "Almavu Mukku Road, Nallila, Puliyila, Near Nallila Post Office, Kollam, Kerala 691515, India",
    "City": "Kollam",
    "State": "Kerala",
    "RegionCode": "KOLM",
    "SubRegionCode": "KOLM",
    "Latitude": "8.92847",
    "Longitude": "76.7067",
    "AvailableFormats": "2D"
  },
  "AHKT": {
    "VenueCode": "AHKT",
    "VenueName": "Aashirvad Cineplexx: Kottiyam",
    "VenueAddress": "Dreams Mall, National Highway 66, Kottiyam, Kerala 691571, India",
    "City": "Kottiyam",
    "State": "Kerala",
    "RegionCode": "KOLM",
    "SubRegionCode": "KOLM",
    "Latitude": "8.86546",
    "Longitude": "76.6695",
    "AvailableFormats": "2D"
  },
  "PRMC": {
    "VenueCode": "PRMC",
    "VenueName": "Pranavam A/C Cinemas 4K: Kollam",
    "VenueAddress": "Karbala, YMCA Road, Near Cantonment Post Office, Kollam, Kerala 691001, India",
    "City": "Kollam",
    "State": "Kerala",
    "RegionCode": "KOLM",
    "SubRegionCode": "KOLM",
    "Latitude": "8.88456",
    "Longitude": "76.5948",
    "AvailableFormats": "2D"
  },
  "MYRP": {
    "VenueCode": "MYRP",
    "VenueName": "MY Cinemas, RP Mall: Kollam",
    "VenueAddress": "RP Mall, Level 5, Salem-Kochi Highway, Near Reliance Trends, Kollam, Kerala 691001, India",
    "City": "Kollam",
    "State": "Kerala",
    "RegionCode": "KOLM",
    "SubRegionCode": "KOLM",
    "Latitude": "8.88953",
    "Longitude": "76.5858",
    "AvailableFormats": "2D"
  },
  "GMKU": {
    "VenueCode": "GMKU",
    "VenueName": "Gmax 4k Utsav Aradhana Complex",
    "VenueAddress": "Poilakada Road, Parmeswar Nagar, Kollam, Kerala 691001, India",
    "City": "Kollam",
    "State": "Kerala",
    "RegionCode": "KOLM",
    "SubRegionCode": "KOLM",
    "Latitude": "8.88947",
    "Longitude": "76.5868",
    "AvailableFormats": "2D"
  },
  "USKO": {
    "VenueCode": "USKO",
    "VenueName": "Usha A/C Cinema 2K 3D: Kollam",
    "VenueAddress": "Main Road, Andamukkom, Chinnagada, Near Clock Tower, Kollam, Kerala 691001, India",
    "City": "Kollam",
    "State": "Kerala",
    "RegionCode": "KOLM",
    "SubRegionCode": "KOLM",
    "Latitude": "8.88458",
    "Longitude": "76.591",
    "AvailableFormats": "2D"
  },
  "AKCH": {
    "VenueCode": "AKCH",
    "VenueName": "Ashok Cine House: Paravur",
    "VenueAddress": "Paravur, North Paravur Road, Near ValluVally Juma Masjid, Kollam, Kerala 691301, India",
    "City": "Kollam",
    "State": "Kerala",
    "RegionCode": "KOLM",
    "SubRegionCode": "KOLM",
    "Latitude": "8.81261",
    "Longitude": "76.6716",
    "AvailableFormats": "2D"
  },
  "CRPR": {
    "VenueCode": "CRPR",
    "VenueName": "Chellam Theatre 4K Laser Dolby Atmos: Puthoor",
    "VenueAddress": "Cheerankavu, Maranadu, Puthoor, Kerala 691507, India",
    "City": "Puthoor",
    "State": "Kerala",
    "RegionCode": "KOLM",
    "SubRegionCode": "KOLM",
    "Latitude": "9.0405",
    "Longitude": "76.7158",
    "AvailableFormats": "2D"
  },
  "APVE": {
    "VenueCode": "APVE",
    "VenueName": "Apsara Cinemas 4K AC 7.1 Dolby: Vellore",
    "VenueAddress": "Anna Salai, Vasantapuram, Kosapet, Vellore, Near Sri Vinayaga Temple, Vellore, Tamil Nadu 632001, India",
    "City": "Vellore",
    "State": "Tamil Nadu",
    "RegionCode": "ARNI",
    "SubRegionCode": "ARNI",
    "Latitude": "12.911",
    "Longitude": "79.1317",
    "AvailableFormats": "2D"
  },
  "RCAN": {
    "VenueCode": "RCAN",
    "VenueName": "Shri Rajeswari Cinemas A/C 4K Dolby Atmos:Arni",
    "VenueAddress": "Dr. Ambedkar Nagar, State Highway 4, Near Bharat Petroleum, Arni, Tamil Nadu 632301, India",
    "City": "Arni",
    "State": "Tamil Nadu",
    "RegionCode": "ARNI",
    "SubRegionCode": "ARNI",
    "Latitude": "12.6678",
    "Longitude": "79.2885",
    "AvailableFormats": "2D"
  },
  "WWCZ": {
    "VenueCode": "WWCZ",
    "VenueName": "WW Cinemas: Walkway Mall, Haldwani",
    "VenueAddress": "Walkway Mall, National Highway 87, Bareilly - Nainital Road, Haldwani, Uttarakhand 263126, India",
    "City": "Haldwani",
    "State": "Uttarakhand",
    "RegionCode": "HALD",
    "SubRegionCode": "HALD",
    "Latitude": "29.2451",
    "Longitude": "79.5358",
    "AvailableFormats": "2D"
  },
  "LLCH": {
    "VenueCode": "LLCH",
    "VenueName": "Laxmi Cineplex: Haldwani",
    "VenueAddress": "Sindhi Chaurah, Rampur Road, Nainital, Haldwani, Uttarakhand 263139, India",
    "City": "Haldwani",
    "State": "Uttarakhand",
    "RegionCode": "HALD",
    "SubRegionCode": "HALD",
    "Latitude": "29.2121",
    "Longitude": "79.5275",
    "AvailableFormats": "2D"
  },
  "MZHA": {
    "VenueCode": "MZHA",
    "VenueName": "Movie Zone Cinema: Haldwani Halduchour Lalkuan",
    "VenueAddress": "Keshav Plaza Gola Road, Naya Bazar, Haldwani, Uttarakhand 263139, India",
    "City": "Haldwani",
    "State": "Uttarakhand",
    "RegionCode": "HALD",
    "SubRegionCode": "HALD",
    "Latitude": "29.1085",
    "Longitude": "79.5245",
    "AvailableFormats": "2D"
  },
  "IPGM": {
    "VenueCode": "IPGM",
    "VenueName": "INOX: Prabhatam Grand Mall, Dhanbad",
    "VenueAddress": "3rd Floor, Prabhatam Grand Mall, Nagnagar, Barwadda, Dhaiya, Dhanbad, Jharkhand 826004, India",
    "City": "Dhanbad",
    "State": "Jharkhand",
    "RegionCode": "DHAN",
    "SubRegionCode": "DHAN",
    "Latitude": "23.8292",
    "Longitude": "86.4333",
    "AvailableFormats": "2D"
  },
  "FCDH": {
    "VenueCode": "FCDH",
    "VenueName": "INOX Ozone Galleria Mall: Dhanbad",
    "VenueAddress": "Ozone Galleria Mall, Saraidhela, Kolakusma, Above Big Bazaar, Dhanbad(Jharkhand), Jharkhand 828127, India",
    "City": "Dhanbad(Jharkhand)",
    "State": "Jharkhand",
    "RegionCode": "DHAN",
    "SubRegionCode": "DHAN",
    "Latitude": "23.8206",
    "Longitude": "86.4703",
    "AvailableFormats": "2D"
  },
  "DESB": {
    "VenueCode": "DESB",
    "VenueName": "Deshbandhu Cinema: Jharia, Dhanbad",
    "VenueAddress": "Nai Duniya Mohlla, Main Road, Jharia, Dhanbad, Jharkhand 828111, India",
    "City": "Dhanbad",
    "State": "Jharkhand",
    "RegionCode": "DHAN",
    "SubRegionCode": "DHAN",
    "Latitude": "23.7401",
    "Longitude": "86.4183",
    "AvailableFormats": "2D"
  },
  "INPM": {
    "VenueCode": "INPM",
    "VenueName": "INOX: PVS Mall, Meerut",
    "VenueAddress": "PVS Multiplex India Ltd, PVS Mall, 2nd Floor, I Block, Shastri Nagar, Meerut, Uttar Pradesh 250001, India",
    "City": "Meerut",
    "State": "Uttar Pradesh",
    "RegionCode": "MERT",
    "SubRegionCode": "MERT",
    "Latitude": "28.9528",
    "Longitude": "77.7315",
    "AvailableFormats": "2D"
  },
  "WVMT": {
    "VenueCode": "WVMT",
    "VenueName": "Wave: Meerut",
    "VenueAddress": "Supertech Shopprix Mall, Opp. Dainik Jagran Press, Delhi Road, Near Surya Palace Colony, Meerut, Uttar Pradesh 160102, India",
    "City": "Meerut",
    "State": "Uttar Pradesh",
    "RegionCode": "MERT",
    "SubRegionCode": "MERT",
    "Latitude": "28.9477",
    "Longitude": "77.6756",
    "AvailableFormats": "2D"
  },
  "RCMA": {
    "VenueCode": "RCMA",
    "VenueName": "Rapid Cinema, The Melange Mall: Meerut",
    "VenueAddress": "The Melange Mall, Pallavpuram Phase 2, Modipuram, Meerut, Uttar Pradesh 250110, India",
    "City": "Meerut",
    "State": "Uttar Pradesh",
    "RegionCode": "MERT",
    "SubRegionCode": "MERT",
    "Latitude": "29.0645",
    "Longitude": "77.7094",
    "AvailableFormats": "2D"
  },
  "NYSM": {
    "VenueCode": "NYSM",
    "VenueName": "Devgn CineX (Formerly NY): Meerut",
    "VenueAddress": "Satyam Palace, Municipal House No. 28, Bhudana Gate. Mohalla Swamipada, Meerut, Uttar Pradesh 250002, India",
    "City": "Meerut",
    "State": "Uttar Pradesh",
    "RegionCode": "MERT",
    "SubRegionCode": "MERT",
    "Latitude": "28.9815",
    "Longitude": "77.7044",
    "AvailableFormats": "2D"
  },
  "SCCG": {
    "VenueCode": "SCCG",
    "VenueName": "GG Cinemas: Sardhana",
    "VenueAddress": "GG Cinema, Sardhana Road, Next to Sehyog Goat Farm and Research Centre, Sardhana, Uttar Pradesh 250342, India",
    "City": "Sardhana",
    "State": "Uttar Pradesh",
    "RegionCode": "MERT",
    "SubRegionCode": "MERT",
    "Latitude": "29.1361",
    "Longitude": "77.6129",
    "AvailableFormats": "2D"
  },
  "EVMM": {
    "VenueCode": "EVMM",
    "VenueName": "EVM Matha Cinema: Adimali",
    "VenueAddress": "National Highway 85, Adimaly, Near Thaluk Hospital, Adimali, Kerala 685561, India",
    "City": "Adimali",
    "State": "Kerala",
    "RegionCode": "ADIM",
    "SubRegionCode": "ADIM",
    "Latitude": "10.014",
    "Longitude": "76.9541",
    "AvailableFormats": "2D"
  },
  "DCCP": {
    "VenueCode": "DCCP",
    "VenueName": "Dharmatma Cinemark: Chakan, Pune",
    "VenueAddress": "City Plaza, Talegaon, Chakan Road, Pune, Maharashtra 410501, India",
    "City": "Pune",
    "State": "Maharashtra",
    "RegionCode": "CHAK",
    "SubRegionCode": "CHAK",
    "Latitude": "18.7516",
    "Longitude": "73.8353",
    "AvailableFormats": "2D"
  },
  "VTDM": {
    "VenueCode": "VTDM",
    "VenueName": "Vasantha Theatre: Dharapuram",
    "VenueAddress": "State Highway 21, M.S.P. Nagar, Dharapuram, Tamil Nadu 638656, India",
    "City": "Dharapuram",
    "State": "Tamil Nadu",
    "RegionCode": "DHAR",
    "SubRegionCode": "DHAR",
    "Latitude": "10.7367",
    "Longitude": "77.5251",
    "AvailableFormats": "2D"
  },
  "VCKV": {
    "VenueCode": "VCKV",
    "VenueName": "Veera Cinemas A/C 4K Dolby Atmos: Vellakoil",
    "VenueAddress": "224, Kovai Main Road, Vellakovil-Tiruppur, Vellakoil, Tamil Nadu 638111, India",
    "City": "Vellakoil",
    "State": "Tamil Nadu",
    "RegionCode": "DHAR",
    "SubRegionCode": "DHAR",
    "Latitude": "10.9486",
    "Longitude": "77.7029",
    "AvailableFormats": "2D"
  },
  "SATK": {
    "VenueCode": "SATK",
    "VenueName": "Sagara Theatre 4K Atmos: Kattappana",
    "VenueAddress": "Erattayar Thovala Road, Puliyamala, Near South Indian Bank, Kattappana, Kerala 685508, India",
    "City": "Kattappana",
    "State": "Kerala",
    "RegionCode": "IDKI",
    "SubRegionCode": "IDKI",
    "Latitude": "9.7586",
    "Longitude": "77.1166",
    "AvailableFormats": "2D"
  },
  "SSCS": {
    "VenueCode": "SSCS",
    "VenueName": "Santhosh Cinema Dolby 7.1: Kattappana",
    "VenueAddress": "Santhosh Cinema, Kattappana, Near Kerala Public Service Commission District Office, Kattappana, Kerala 685508, India",
    "City": "Kattappana",
    "State": "Kerala",
    "RegionCode": "IDKI",
    "SubRegionCode": "IDKI",
    "Latitude": "9.7535",
    "Longitude": "77.1163",
    "AvailableFormats": "2D"
  },
  "IAET": {
    "VenueCode": "IAET",
    "VenueName": "Imusica Entertainment: Baraut",
    "VenueAddress": "Binoli Road, Near Vishnu Palace, Baraut, Uttar Pradesh 250611, India",
    "City": "Baraut",
    "State": "Uttar Pradesh",
    "RegionCode": "BARL",
    "SubRegionCode": "BARL",
    "Latitude": "29.1011",
    "Longitude": "77.2744",
    "AvailableFormats": "2D"
  },
  "DABA": {
    "VenueCode": "DABA",
    "VenueName": "Deva Bala Sakthi Bala A/C 2K DOLBY Atmos: Cumbum",
    "VenueAddress": "Angoorpalayam Road, Mani Nagaram, Cumbum, Tamil Nadu 625516, India",
    "City": "Cumbum",
    "State": "Tamil Nadu",
    "RegionCode": "CMBM",
    "SubRegionCode": "CMBM",
    "Latitude": "9.73105",
    "Longitude": "77.2823",
    "AvailableFormats": "2D"
  },
  "TITR": {
    "VenueCode": "TITR",
    "VenueName": "Thambis Theatre A/C Dolby Atmos: Cumbum",
    "VenueAddress": "249/5, L.F. Road, Cumbum Main Road, Cumbum, Tamil Nadu 625516, India",
    "City": "Cumbum",
    "State": "Tamil Nadu",
    "RegionCode": "CMBM",
    "SubRegionCode": "CMBM",
    "Latitude": "9.74315",
    "Longitude": "77.2877",
    "AvailableFormats": "2D"
  },
  "CSUB": {
    "VenueCode": "CSUB",
    "VenueName": "Cine Square Cinemas 2K DOLBY A/C: Cumbum",
    "VenueAddress": "1587/3A, RJMS Danube Building, Uthamapuram, Theni, Cumbum, Tamil Nadu 625516, India",
    "City": "Cumbum",
    "State": "Tamil Nadu",
    "RegionCode": "CMBM",
    "SubRegionCode": "CMBM",
    "Latitude": "9.75236",
    "Longitude": "77.2795",
    "AvailableFormats": "2D"
  },
  "CPVJ": {
    "VenueCode": "CPVJ",
    "VenueName": "Cinepolis: PVP Square Mall, Vijayawada",
    "VenueAddress": "4th Floor, PVP Square Mall, Mahatma Gandhi Road, Labbipet, Mogalrajapuram, Vijayawada, Andhra Pradesh 520010, India",
    "City": "Vijayawada",
    "State": "Andhra Pradesh",
    "RegionCode": "VIJA",
    "SubRegionCode": "VIJA",
    "Latitude": "16.5024",
    "Longitude": "80.6424",
    "AvailableFormats": "2D|3D"
  },
  "INVP": {
    "VenueCode": "INVP",
    "VenueName": "INOX: LEPL Icon, Patamata",
    "VenueAddress": "3rd Floor, LEPL Icon, RTC Colony, Benz Circle, Patamata, Near Maris Stella College, Vijayawada, Andhra Pradesh 520010, India",
    "City": "Vijayawada",
    "State": "Andhra Pradesh",
    "RegionCode": "VIJA",
    "SubRegionCode": "VIJA",
    "Latitude": "16.5026",
    "Longitude": "80.6599",
    "AvailableFormats": "2D|3D"
  },
  "CPOV": {
    "VenueCode": "CPOV",
    "VenueName": "Cinepolis: Power One Mall, Vijayawada",
    "VenueAddress": "Cinepolis India Pvt Ltd, 3rd Floor, Power One Mall, Survery no -220/4 Kanuru gram, Bunder Road, District- Krishna, Vijayawada, Andhra Pradesh 520007, India",
    "City": "Vijayawada",
    "State": "Andhra Pradesh",
    "RegionCode": "VIJA",
    "SubRegionCode": "VIJA",
    "Latitude": "16.4888",
    "Longitude": "80.6752",
    "AvailableFormats": "2D"
  },
  "LAIM": {
    "VenueCode": "LAIM",
    "VenueName": "INOX: Laila Mall, 4K LASER, DOLBY ATMOS, M.G Road",
    "VenueAddress": "4th Floor, Laila Mall, M.G. Road, Vijayawada, Andhra Pradesh 520002, India",
    "City": "Vijayawada",
    "State": "Andhra Pradesh",
    "RegionCode": "VIJA",
    "SubRegionCode": "VIJA",
    "Latitude": "16.5066",
    "Longitude": "80.6285",
    "AvailableFormats": "2D|3D"
  },
  "VIJK": {
    "VenueCode": "VIJK",
    "VenueName": "Vijayalakshmi Theater A/C 4K Dolby: Kanuru",
    "VenueAddress": "7-30, Kanuru Main Road, Ashok Nagar, Near Kanuru Dhaaba, Vijayawada, Andhra Pradesh 520007, India",
    "City": "Vijayawada",
    "State": "Andhra Pradesh",
    "RegionCode": "VIJA",
    "SubRegionCode": "VIJA",
    "Latitude": "16.4851",
    "Longitude": "80.6873",
    "AvailableFormats": "2D"
  },
  "JTSC": {
    "VenueCode": "JTSC",
    "VenueName": "Swarna Multiplex: Vijayawada",
    "VenueAddress": "Swarnalok Complex, Eluru Rd, Governorpet, Vijayawada, Andhra Pradesh 520002, India",
    "City": "Vijayawada",
    "State": "Andhra Pradesh",
    "RegionCode": "VIJA",
    "SubRegionCode": "VIJA",
    "Latitude": "16.5132",
    "Longitude": "80.6263",
    "AvailableFormats": "2D"
  },
  "RMTV": {
    "VenueCode": "RMTV",
    "VenueName": "Ram Cinemas: Gunadala A/C 4K Digital DOLBY ATMOS",
    "VenueAddress": "St. Joseph Complex, Eluru Road, Near Andhra Bank Gunadala Branch, Vijayawada, Andhra Pradesh 520004, India",
    "City": "Vijayawada",
    "State": "Andhra Pradesh",
    "RegionCode": "VIJA",
    "SubRegionCode": "VIJA",
    "Latitude": "16.5234",
    "Longitude": "80.6609",
    "AvailableFormats": "2D"
  },
  "ABCR": {
    "VenueCode": "ABCR",
    "VenueName": "ABR Cinemas Neo Screen X:  Kanuru, Vijayawada",
    "VenueAddress": "Pune - Machilipatnam Highway, Kanuru, Vijayawada, Andhra Pradesh 520007, India",
    "City": "Vijayawada",
    "State": "Andhra Pradesh",
    "RegionCode": "VIJA",
    "SubRegionCode": "VIJA",
    "Latitude": "16.4859",
    "Longitude": "80.6828",
    "AvailableFormats": "2D"
  },
  "MGGG": {
    "VenueCode": "MGGG",
    "VenueName": "G3 Theatres: Raj Yuvraj, Vijayawada",
    "VenueAddress": "Andhra Ratna Road, Gandhi Nagar, Vijayawada, Andhra Pradesh 520003, India",
    "City": "Vijayawada",
    "State": "Andhra Pradesh",
    "RegionCode": "VIJA",
    "SubRegionCode": "VIJA",
    "Latitude": "16.5172",
    "Longitude": "80.6288",
    "AvailableFormats": "2D"
  },
  "INVJ": {
    "VenueCode": "INVJ",
    "VenueName": "INOX: Urvasi Complex, Gandhi Nagar",
    "VenueAddress": "Urvashi Theatre Complex, 26-2-66/A, Andhra Ratna Road, Gandhi Nagar, Vijayawada, Andhra Pradesh 520003, India",
    "City": "Vijayawada",
    "State": "Andhra Pradesh",
    "RegionCode": "VIJA",
    "SubRegionCode": "VIJA",
    "Latitude": "16.5172",
    "Longitude": "80.631",
    "AvailableFormats": "2D|3D"
  },
  "ATVJ": {
    "VenueCode": "ATVJ",
    "VenueName": "Alankar A/C 4K Dolby Surround: Vijayawada",
    "VenueAddress": "Samba Murthy Road, Gandhi Nagar, Near Ramakrishna Mission Ashrama, Vijayawada, Andhra Pradesh 520003, India",
    "City": "Vijayawada",
    "State": "Andhra Pradesh",
    "RegionCode": "VIJA",
    "SubRegionCode": "VIJA",
    "Latitude": "16.516",
    "Longitude": "80.6268",
    "AvailableFormats": "2D"
  },
  "SVLJ": {
    "VenueCode": "SVLJ",
    "VenueName": "Sailaja Theatre: Vijayawada",
    "VenueAddress": "Andhra Ratna Road, Gandhi Nagar, Opposite Ramakrishna Mission, Vijayawada, Andhra Pradesh 520003, India",
    "City": "Vijayawada",
    "State": "Andhra Pradesh",
    "RegionCode": "VIJA",
    "SubRegionCode": "VIJA",
    "Latitude": "16.5162",
    "Longitude": "80.6267",
    "AvailableFormats": "2D"
  },
  "PRSV": {
    "VenueCode": "PRSV",
    "VenueName": "PVR: Ripples, Vijayawada",
    "VenueAddress": "Mahatma Gandhi Road, Labbipet, Telaprolu, Andhra Pradesh 520010, India",
    "City": "Telaprolu",
    "State": "Andhra Pradesh",
    "RegionCode": "VIJA",
    "SubRegionCode": "TELP",
    "Latitude": "16.501",
    "Longitude": "80.6435",
    "AvailableFormats": "2D|3D"
  },
  "SWTH": {
    "VenueCode": "SWTH",
    "VenueName": "Swathi Theater: Bhavanipuram (Newly Renovated)",
    "VenueAddress": "Bhavanipuram Housing Board Road, Bhavanipuram, V D Puram, Beside Ameenuddin Dhargah, Vijayawada, Andhra Pradesh 520012, India",
    "City": "Vijayawada",
    "State": "Andhra Pradesh",
    "RegionCode": "VIJA",
    "SubRegionCode": "VIJA",
    "Latitude": "16.5261",
    "Longitude": "80.5945",
    "AvailableFormats": "2D"
  },
  "RCVD": {
    "VenueCode": "RCVD",
    "VenueName": "Ravindra Cinemas: Vijayawada",
    "VenueAddress": "Singh Nagar, Laxminagar, Nunna Road, Kandrika, Payakapuram, Vijayawada, Andhra Pradesh 520015, India",
    "City": "Vijayawada",
    "State": "Andhra Pradesh",
    "RegionCode": "VIJA",
    "SubRegionCode": "VIJA",
    "Latitude": "16.5458",
    "Longitude": "80.6458",
    "AvailableFormats": "2D"
  },
  "SWOT": {
    "VenueCode": "SWOT",
    "VenueName": "Sowmya Theater (Newly Renovated): Vijayawada",
    "VenueAddress": "5-6-59/26G, Lambadi Pet, Rajeevsarma Nagar, Chittinagar, New colony, Vijayawada, Andhra Pradesh 520001, India",
    "City": "Vijayawada",
    "State": "Andhra Pradesh",
    "RegionCode": "VIJA",
    "SubRegionCode": "VIJA",
    "Latitude": "16.5377",
    "Longitude": "80.614",
    "AvailableFormats": "2D"
  },
  "JATV": {
    "VenueCode": "JATV",
    "VenueName": "Jayram Theatre: Vijayawada",
    "VenueAddress": "Gandhi Nagar, Samba Murty Road, Andhra Pradesh, Vijayawada, Andhra Pradesh 520003, India",
    "City": "Vijayawada",
    "State": "Andhra Pradesh",
    "RegionCode": "VIJA",
    "SubRegionCode": "VIJA",
    "Latitude": "16.517",
    "Longitude": "80.6305",
    "AvailableFormats": "2D"
  },
  "STHV": {
    "VenueCode": "STHV",
    "VenueName": "Sairam Screens A/C Dolby 7.1 Surround: Vijayawada",
    "VenueAddress": "Milk Factory Road, Fraserpeta, Vijayawada, Andhra Pradesh 520001, India",
    "City": "Vijayawada",
    "State": "Andhra Pradesh",
    "RegionCode": "VIJA",
    "SubRegionCode": "VIJA",
    "Latitude": "16.5381",
    "Longitude": "80.6145",
    "AvailableFormats": "2D"
  },
  "BLJI": {
    "VenueCode": "BLJI",
    "VenueName": "Balaji Cine Villa: Vijayawada",
    "VenueAddress": "Bundar Road, Poranki, Near Priya Foods, Vijayawada, Andhra Pradesh 521137, India",
    "City": "Vijayawada",
    "State": "Andhra Pradesh",
    "RegionCode": "VIJA",
    "SubRegionCode": "VIJA",
    "Latitude": "16.4726",
    "Longitude": "80.7163",
    "AvailableFormats": "2D"
  },
  "NVRN": {
    "VenueCode": "NVRN",
    "VenueName": "Navarang Theatre: Vijayawada",
    "VenueAddress": "Buckinghampeta, Palaparthi Vari Street, Near Help Hospitals, Vijayawada, Andhra Pradesh 520002, India",
    "City": "Vijayawada",
    "State": "Andhra Pradesh",
    "RegionCode": "VIJA",
    "SubRegionCode": "VIJA",
    "Latitude": "16.5095",
    "Longitude": "80.6272",
    "AvailableFormats": "2D"
  },
  "TVRA": {
    "VenueCode": "TVRA",
    "VenueName": "Tara Screens 2K A/C, Payakapuram: Vijayawada",
    "VenueAddress": "D.No.77-16/1-43, Nunna Road, Pipula Road, PNT Colony, Vijayawada, Andhra Pradesh 520015, India",
    "City": "Vijayawada",
    "State": "Andhra Pradesh",
    "RegionCode": "VIJA",
    "SubRegionCode": "VIJA",
    "Latitude": "16.5449",
    "Longitude": "80.6439",
    "AvailableFormats": "2D"
  },
  "SWRN": {
    "VenueCode": "SWRN",
    "VenueName": "Swarna Cinemax: Ibrahimpatnam",
    "VenueAddress": "NH 65, Ring Centre, Ibrahimpatnam, Vijayawada, Andhra Pradesh 521456, India",
    "City": "Vijayawada",
    "State": "Andhra Pradesh",
    "RegionCode": "VIJA",
    "SubRegionCode": "VIJA",
    "Latitude": "16.5892",
    "Longitude": "80.5201",
    "AvailableFormats": "2D"
  },
  "BDMA": {
    "VenueCode": "BDMA",
    "VenueName": "Balaji Iconia A/c 2K Dolby Surround: Ibrahimpatnam",
    "VenueAddress": "NH 65, Ibrahimpatnam, Vijayawada, Andhra Pradesh 521456, India",
    "City": "Vijayawada",
    "State": "Andhra Pradesh",
    "RegionCode": "VIJA",
    "SubRegionCode": "VIJA",
    "Latitude": "16.5891",
    "Longitude": "80.5189",
    "AvailableFormats": "2D"
  },
  "SIKC": {
    "VenueCode": "SIKC",
    "VenueName": "Sivakrishna Cinemas A/C 2K DTS: Kondapalli",
    "VenueAddress": "D.No. 32-239, Mylavaram Road, NH 30, Kondapalli, Ibrahimpatnam, Vijayawada, Andhra Pradesh 521228, India",
    "City": "Vijayawada",
    "State": "Andhra Pradesh",
    "RegionCode": "VIJA",
    "SubRegionCode": "VIJA",
    "Latitude": "16.6228",
    "Longitude": "80.541",
    "AvailableFormats": "2D"
  },
  "VAKR": {
    "VenueCode": "VAKR",
    "VenueName": "Venkata Krishna Luxury Cinemas: Poranki",
    "VenueAddress": "Sitapuram Colony, NH 65, Poranki, Near ICICI Bank, Vijayawada, Andhra Pradesh 521137, India",
    "City": "Vijayawada",
    "State": "Andhra Pradesh",
    "RegionCode": "VIJA",
    "SubRegionCode": "VIJA",
    "Latitude": "16.4746",
    "Longitude": "80.713",
    "AvailableFormats": "2D"
  },
  "VCSV": {
    "VenueCode": "VCSV",
    "VenueName": "Capital Cinemas (Victory Screen): Vijayawada",
    "VenueAddress": "Trendset Mall, 40/1/56, MG Road, Kala Nagar, Benz Circle, Vijayawada, Andhra Pradesh 520010, India",
    "City": "Vijayawada",
    "State": "Andhra Pradesh",
    "RegionCode": "VIJA",
    "SubRegionCode": "VIJA",
    "Latitude": "16.4985",
    "Longitude": "80.6535",
    "AvailableFormats": "2D"
  },
  "SVLA": {
    "VenueCode": "SVLA",
    "VenueName": "Sri Vijaya Lakshmi Theater: Kankipadu",
    "VenueAddress": "CQP7+VG8, Vijayawada - Machilipatnam Road, Kankipadu, Andhra Pradesh 521151, India",
    "City": "Kankipadu",
    "State": "Andhra Pradesh",
    "RegionCode": "VIJA",
    "SubRegionCode": "VIJA",
    "Latitude": "16.4372",
    "Longitude": "80.7638",
    "AvailableFormats": "2D"
  },
  "IPSG": {
    "VenueCode": "IPSG",
    "VenueName": "IP Cinemas: IP Sigra Mall, Varanasi",
    "VenueAddress": "IP SIGRA Shopping Mall, Vidyapeeth Road, Sigra, Shastri Nagar, Guru Nanak Nagar Colony, IP Mall, Varanasi, Uttar Pradesh 221002, India",
    "City": "Varanasi",
    "State": "Uttar Pradesh",
    "RegionCode": "VAR",
    "SubRegionCode": "VAR",
    "Latitude": "25.3167",
    "Longitude": "82.9901",
    "AvailableFormats": "2D"
  },
  "JHVN": {
    "VenueCode": "JHVN",
    "VenueName": "JHV Cinemas: Varanasi",
    "VenueAddress": "JHV Mall, The Mall Road, Cantonment, Varanasi Cantt, Near Nehru Park, Varanasi, Uttar Pradesh 221001, India",
    "City": "Varanasi",
    "State": "Uttar Pradesh",
    "RegionCode": "VAR",
    "SubRegionCode": "VAR",
    "Latitude": "25.3358",
    "Longitude": "82.9773",
    "AvailableFormats": "2D"
  },
  "IPCM": {
    "VenueCode": "IPCM",
    "VenueName": "IP Cinemas: IP Vijaya Mall, Varanasi",
    "VenueAddress": "Vijaya Mall, Bhelupur Crossing, Durgakund Road, Varanasi, Uttar Pradesh 221010, India",
    "City": "Varanasi",
    "State": "Uttar Pradesh",
    "RegionCode": "VAR",
    "SubRegionCode": "VAR",
    "Latitude": "25.2975",
    "Longitude": "83.0012",
    "AvailableFormats": "2D"
  },
  "PDRS": {
    "VenueCode": "PDRS",
    "VenueName": "PDR Cinemas: Varanasi",
    "VenueAddress": "D 48/142, Luxa Road, Sidhgiribagh, Near Sri Basdev Baba Mandir, Varanasi, Uttar Pradesh 221001, India",
    "City": "Varanasi",
    "State": "Uttar Pradesh",
    "RegionCode": "VAR",
    "SubRegionCode": "VAR",
    "Latitude": "25.3098",
    "Longitude": "83.0029",
    "AvailableFormats": "2D"
  },
  "CMVV": {
    "VenueCode": "CMVV",
    "VenueName": "Chhotu Maharaj Cine Cafe: Varanasi",
    "VenueAddress": "Plot No. 237/3, Madauli, Near St.Johns School, Varanasi, Uttar Pradesh 221003, India",
    "City": "Varanasi",
    "State": "Uttar Pradesh",
    "RegionCode": "VAR",
    "SubRegionCode": "VAR",
    "Latitude": "25.3012",
    "Longitude": "82.9586",
    "AvailableFormats": "2D"
  },
  "SIPA": {
    "VenueCode": "SIPA",
    "VenueName": "IP Sigra Mall: 7D Cinema, Varanasi",
    "VenueAddress": "7D Masti Cinema, 2nd Floor, IP Mall Sigra, Varanasi, Uttar Pradesh 221002, India",
    "City": "Varanasi",
    "State": "Uttar Pradesh",
    "RegionCode": "VAR",
    "SubRegionCode": "VAR",
    "Latitude": "25.3165",
    "Longitude": "82.9902",
    "AvailableFormats": "7D"
  },
  "PCBV": {
    "VenueCode": "PCBV",
    "VenueName": "Pari Cineplex: Babatpur, Varanasi",
    "VenueAddress": "Satomahua, Babatpur Airport Road, Sehmalpur, Near FCI Godown, Varanasi, Uttar Pradesh 221105, India",
    "City": "Varanasi",
    "State": "Uttar Pradesh",
    "RegionCode": "VAR",
    "SubRegionCode": "VAR",
    "Latitude": "25.4181",
    "Longitude": "82.8823",
    "AvailableFormats": "2D"
  },
  "ANCV": {
    "VenueCode": "ANCV",
    "VenueName": "Anand Mandir Cinema: Varanasi",
    "VenueAddress": "S 13/18, Anand Mandir Andhrapull, Teliyabag, Raja Bazar Road, Varanasi, Uttar Pradesh 221002, India",
    "City": "Varanasi",
    "State": "Uttar Pradesh",
    "RegionCode": "VAR",
    "SubRegionCode": "VAR",
    "Latitude": "25.3284",
    "Longitude": "82.995",
    "AvailableFormats": "2D"
  },
  "SDBK": {
    "VenueCode": "SDBK",
    "VenueName": "Sri Dwarakanatha Talkies: B Kothakota",
    "VenueAddress": "Madanapalli Road, Near Ayyappa Swamy Temple and Shivalayam, B.Kothakota, Andhra Pradesh 517370, India",
    "City": "B.Kothakota",
    "State": "Andhra Pradesh",
    "RegionCode": "BKOT",
    "SubRegionCode": "BKOT",
    "Latitude": "13.6567",
    "Longitude": "78.2659",
    "AvailableFormats": "2D"
  },
  "GATH": {
    "VenueCode": "GATH",
    "VenueName": "Ganesh Talkies: Athagarh",
    "VenueAddress": "Near Lord Shiva Temple, Dorada Road, Athagarh, Odisha 754029, India",
    "City": "Athagarh",
    "State": "Odisha",
    "RegionCode": "ATHG",
    "SubRegionCode": "ATHG",
    "Latitude": "20.5146",
    "Longitude": "85.622",
    "AvailableFormats": "2D"
  },
  "LKOP": {
    "VenueCode": "LKOP",
    "VenueName": "Lathaa Cinemas A/C Atmos 2K 3D: Chengalpattu",
    "VenueAddress": "56, Alagesan Nagar, Varadharaja Nagar, Chennai, Tamil Nadu 603031, India",
    "City": "Chennai",
    "State": "Tamil Nadu",
    "RegionCode": "CHET",
    "SubRegionCode": "CHET",
    "Latitude": "12.6806",
    "Longitude": "79.9805",
    "AvailableFormats": "2D"
  },
  "PTGK": {
    "VenueCode": "PTGK",
    "VenueName": "GK Poonga Theatre 4K RGB Dolby Atmos: Uthiramerur",
    "VenueAddress": "Manampathi, Uthiramerur Road, Near Indian Bank, Kanchipuram, Tamil Nadu 603403, India",
    "City": "Kanchipuram",
    "State": "Tamil Nadu",
    "RegionCode": "CHET",
    "SubRegionCode": "CHET",
    "Latitude": "12.6273",
    "Longitude": "79.6664",
    "AvailableFormats": "2D"
  },
  "BATK": {
    "VenueCode": "BATK",
    "VenueName": "Babu Cinemas - RGB Laser: Kanchipuram",
    "VenueAddress": "Madam Thottam Street Madam, Pillaiyarpalayam, Kanchipuram, Tamil Nadu 631501, India",
    "City": "Kanchipuram",
    "State": "Tamil Nadu",
    "RegionCode": "CHET",
    "SubRegionCode": "CHET",
    "Latitude": "12.8294",
    "Longitude": "79.7001",
    "AvailableFormats": "2D"
  },
  "AMTT": {
    "VenueCode": "AMTT",
    "VenueName": "Arul Muruga Theatre 4K: Thiruporur",
    "VenueAddress": "Kannagapattu, Thiruporur, Chennai, Tamil Nadu 603105, India",
    "City": "Chennai",
    "State": "Tamil Nadu",
    "RegionCode": "CHET",
    "SubRegionCode": "CHET",
    "Latitude": "12.7314",
    "Longitude": "80.1875",
    "AvailableFormats": "2D"
  },
  "ZCBB": {
    "VenueCode": "ZCBB",
    "VenueName": "B Cinemas Vylathoor,4K RGB Laser 3D Dolby Atmos",
    "VenueAddress": "Anjoor - Kunnamkulam Road, Nambeeshanpadi, Anjoor, Kunnamkulam, Kerala 679563, India",
    "City": "Kunnamkulam",
    "State": "Kerala",
    "RegionCode": "GUVY",
    "SubRegionCode": "GUVY",
    "Latitude": "10.6381",
    "Longitude": "76.0242",
    "AvailableFormats": "2D"
  },
  "VKGP": {
    "VenueCode": "VKGP",
    "VenueName": "VKG CINEMAS 4K RGB LASER DOLBY ATMOS: PAVARATTY",
    "VenueAddress": "Chavara Shopping Complex, Pavaratty, Guruvayur, Kerala 680507, India",
    "City": "Guruvayur",
    "State": "Kerala",
    "RegionCode": "GUVY",
    "SubRegionCode": "GUVY",
    "Latitude": "10.5653",
    "Longitude": "76.0626",
    "AvailableFormats": "2D"
  },
  "DCGO": {
    "VenueCode": "DCGO",
    "VenueName": "Devaky Cinemas, 3D Atmos Guruvayoor",
    "VenueAddress": "Opposite Temple Police Station, South Nada, Guruvayur, Kerala 680101, India",
    "City": "Guruvayur",
    "State": "Kerala",
    "RegionCode": "GUVY",
    "SubRegionCode": "GUVY",
    "Latitude": "10.5918",
    "Longitude": "76.0405",
    "AvailableFormats": "2D"
  },
  "TRBA": {
    "VenueCode": "TRBA",
    "VenueName": "Treasure Cinema: Baihar",
    "VenueAddress": "Major District Road 26, Ward No.08, Near Sai Mandir, Baihar, Madhya Pradesh 481111, India",
    "City": "Baihar",
    "State": "Madhya Pradesh",
    "RegionCode": "BIAH",
    "SubRegionCode": "BIAH",
    "Latitude": "22.1039",
    "Longitude": "80.5595",
    "AvailableFormats": "2D"
  },
  "CGCA": {
    "VenueCode": "CGCA",
    "VenueName": "Cheloor Grand Cinemas: Cherpulassery",
    "VenueAddress": "Main Road, Near Federal Bank ATM, Cherpulassery, Kerala 679503, India",
    "City": "Cherpulassery",
    "State": "Kerala",
    "RegionCode": "CHER",
    "SubRegionCode": "CHER",
    "Latitude": "10.8768",
    "Longitude": "76.3129",
    "AvailableFormats": "2D"
  },
  "CMLO": {
    "VenueCode": "CMLO",
    "VenueName": "Magic Frames Devi Cinemas: Cherpulassery",
    "VenueAddress": "Pattambi - Cherpulassery Road, Behind BSNL Exchange, Cherpulassery, Kerala 679503, India",
    "City": "Cherpulassery",
    "State": "Kerala",
    "RegionCode": "CHER",
    "SubRegionCode": "CHER",
    "Latitude": "10.8796",
    "Longitude": "76.3103",
    "AvailableFormats": "2D"
  },
  "SFCR": {
    "VenueCode": "SFCR",
    "VenueName": "SVF Cinemas: Platina Mall, Howrah",
    "VenueAddress": "6th Floor, Platina Mall, Nityadhan Mukherjee Road, Opposite Howrah Maidan Metro Station, Howrah, West Bengal 711101, India",
    "City": "Howrah",
    "State": "West Bengal",
    "RegionCode": "HWRH",
    "SubRegionCode": "HWRH",
    "Latitude": "22.5814",
    "Longitude": "88.3328",
    "AvailableFormats": "2D"
  },
  "MRJH": {
    "VenueCode": "MRJH",
    "VenueName": "Miraj Cinemas: Aurbindo Mall, Howrah",
    "VenueAddress": "Aurobino Mall,3rd Floor, Sri Arabinda Road, Babudanga, Bandhaghat, Howrah, West Bengal 711106, India",
    "City": "Howrah",
    "State": "West Bengal",
    "RegionCode": "HWRH",
    "SubRegionCode": "HWRH",
    "Latitude": "22.6017",
    "Longitude": "88.3452",
    "AvailableFormats": "2D"
  },
  "PCKH": {
    "VenueCode": "PCKH",
    "VenueName": "Puspashree Cinema: Kadamtala",
    "VenueAddress": "158/3, Belilious Road, Near UCO Bank - Belilious Road Branch., Howrah, West Bengal 711101, India",
    "City": "Howrah",
    "State": "West Bengal",
    "RegionCode": "HWRH",
    "SubRegionCode": "HWRH",
    "Latitude": "22.5934",
    "Longitude": "88.323",
    "AvailableFormats": "2D"
  },
  "CMUA": {
    "VenueCode": "CMUA",
    "VenueName": "Chhotu Maharaj: Uluberia, Howrah",
    "VenueAddress": "National Highway 16, Avarland, Uluberia, Near Coffee House Classic, Howrah, West Bengal 711316, India",
    "City": "Howrah",
    "State": "West Bengal",
    "RegionCode": "HWRH",
    "SubRegionCode": "HWRH",
    "Latitude": "22.4874",
    "Longitude": "88.1111",
    "AvailableFormats": "2D"
  },
  "MXBN": {
    "VenueCode": "MXBN",
    "VenueName": "Maxus Cinemas: Bhavnagar",
    "VenueAddress": "Himalaya Mall, Waghawadi Rd, Nr ISKCON Mega City, Opp Victoria Park, Bhavnagar, Gujarat 364002, India",
    "City": "Bhavnagar",
    "State": "Gujarat",
    "RegionCode": "BHNG",
    "SubRegionCode": "BHNG",
    "Latitude": "21.7509",
    "Longitude": "72.1364",
    "AvailableFormats": "2D"
  },
  "ETPB": {
    "VenueCode": "ETPB",
    "VenueName": "The Entertainment Park: Bhavnagar",
    "VenueAddress": "Shiva Blessing 2, Shilpi Nagar, Opposite Bhavnagar Municipal Corporation, Bhavnagar, Gujarat 364001, India",
    "City": "Bhavnagar",
    "State": "Gujarat",
    "RegionCode": "BHNG",
    "SubRegionCode": "BHNG",
    "Latitude": "21.7716",
    "Longitude": "72.1462",
    "AvailableFormats": "2D"
  },
  "TOPE": {
    "VenueCode": "TOPE",
    "VenueName": "Top3 Multiplex: Bhavnagar",
    "VenueAddress": "B.A.D.A., Vikash Path, Opposite Natraj Complex, Bhavnagar, Gujarat 364002, India",
    "City": "Bhavnagar",
    "State": "Gujarat",
    "RegionCode": "BHNG",
    "SubRegionCode": "BHNG",
    "Latitude": "21.7302",
    "Longitude": "72.1536",
    "AvailableFormats": "2D"
  },
  "CACN": {
    "VenueCode": "CACN",
    "VenueName": "Cine Arc Multiplex: Mahuva",
    "VenueAddress": "City Mall Opposite Reliance Petrol Pump, Next to Vibrant Dehydration, At. Bhadrod, Mahuva, Mahuva, Gujarat 364290, India",
    "City": "Mahuva",
    "State": "Gujarat",
    "RegionCode": "BHNG",
    "SubRegionCode": "BHNG",
    "Latitude": "21.1266",
    "Longitude": "71.7984",
    "AvailableFormats": "2D"
  },
  "ERSD": {
    "VenueCode": "ERSD",
    "VenueName": "Samdareeya Era Cinema: Jabalpur",
    "VenueAddress": "Samdareeya Mall, Civic Centre, Near Mata Gujri College, Jabalpur, Madhya Pradesh 482001, India",
    "City": "Jabalpur",
    "State": "Madhya Pradesh",
    "RegionCode": "JABL",
    "SubRegionCode": "JABL",
    "Latitude": "23.1689",
    "Longitude": "79.9336",
    "AvailableFormats": "2D"
  },
  "KAMP": {
    "VenueCode": "KAMP",
    "VenueName": "PVR: KA Mall, Jabalpur",
    "VenueAddress": "4th floor, KA Mall, Jyoti talkies, Naudra Bridge, Jabalpur, Madhya Pradesh 482002, India",
    "City": "Jabalpur",
    "State": "Madhya Pradesh",
    "RegionCode": "JABL",
    "SubRegionCode": "JABL",
    "Latitude": "23.1652",
    "Longitude": "79.935",
    "AvailableFormats": "2D"
  },
  "MJMJ": {
    "VenueCode": "MJMJ",
    "VenueName": "Movie Magic (SAM): Jabalpur",
    "VenueAddress": "2nd Floor, South Avenue Mall, Narmada Road, Polipather, Jabalpur, Madhya Pradesh 482008, India",
    "City": "Jabalpur",
    "State": "Madhya Pradesh",
    "RegionCode": "JABL",
    "SubRegionCode": "JABL",
    "Latitude": "23.1241",
    "Longitude": "79.9273",
    "AvailableFormats": "2D"
  },
  "SRCJ": {
    "VenueCode": "SRCJ",
    "VenueName": "SR Cinema: Jabalpur",
    "VenueAddress": "SR Mall, Opposite CBI, Vijay Nagar, Jabalpur, Madhya Pradesh 482002, India",
    "City": "Jabalpur",
    "State": "Madhya Pradesh",
    "RegionCode": "JABL",
    "SubRegionCode": "JABL",
    "Latitude": "23.1916",
    "Longitude": "79.9119",
    "AvailableFormats": "2D"
  },
  "SCXE": {
    "VenueCode": "SCXE",
    "VenueName": "Shri Sharda Cineplex: Jabalpur",
    "VenueAddress": "Sharda Talkies Road, Gorakhpur, Jabalpur, Madhya Pradesh 482001, India",
    "City": "Jabalpur",
    "State": "Madhya Pradesh",
    "RegionCode": "JABL",
    "SubRegionCode": "JABL",
    "Latitude": "23.1537",
    "Longitude": "79.9291",
    "AvailableFormats": "2D"
  },
  "INQM": {
    "VenueCode": "INQM",
    "VenueName": "INOX: Quest Mall",
    "VenueAddress": "4th Floor,Quest Mall, Syed Amir Ali Avenue, Opposite Our Lady Queen Of The Missions School, Kolkata, West Bengal 700017, India",
    "City": "Kolkata",
    "State": "West Bengal",
    "RegionCode": "BARR",
    "SubRegionCode": "BARR",
    "Latitude": "22.5393",
    "Longitude": "88.3657",
    "AvailableFormats": "2D|3D"
  },
  "INSL": {
    "VenueCode": "INSL",
    "VenueName": "INOX: City Center, Salt Lake",
    "VenueAddress": "City Centre, DC Block I, Sector-1, City Center Mall, Kolkata, West Bengal 700020, India",
    "City": "Kolkata",
    "State": "West Bengal",
    "RegionCode": "BARR",
    "SubRegionCode": "BARR",
    "Latitude": "22.589",
    "Longitude": "88.4082",
    "AvailableFormats": "2D"
  },
  "ATCK": {
    "VenueCode": "ATCK",
    "VenueName": "Atindra Cinema: Barrackpore",
    "VenueAddress": "91-73, Ghosh Para Road, North 24Pgs, Barrackpore, Near Barrackpore Railway Station, Kolkata, West Bengal 700120, India",
    "City": "Kolkata",
    "State": "West Bengal",
    "RegionCode": "BARR",
    "SubRegionCode": "BARR",
    "Latitude": "22.7641",
    "Longitude": "88.3696",
    "AvailableFormats": "2D"
  },
  "STKT": {
    "VenueCode": "STKT",
    "VenueName": "Binodini Theatre (Star Theatre): Kolkata",
    "VenueAddress": "79/3/4, Bidhan Sarani, Beadon Street, Sovabazar, Goa Bagan, Kolkata, West Bengal 700006, India",
    "City": "Kolkata",
    "State": "West Bengal",
    "RegionCode": "BARR",
    "SubRegionCode": "BARR",
    "Latitude": "22.5939",
    "Longitude": "88.3709",
    "AvailableFormats": "2D"
  },
  "ATJA": {
    "VenueCode": "ATJA",
    "VenueName": "SSR Ajanta Cinema: Behala",
    "VenueAddress": "No.30, Diamond Harbour Road, Barabagan, Naskarpur, Behala, Kolkata, West Bengal 700038, India",
    "City": "Kolkata",
    "State": "West Bengal",
    "RegionCode": "BARR",
    "SubRegionCode": "BARR",
    "Latitude": "22.5081",
    "Longitude": "88.3203",
    "AvailableFormats": "2D"
  },
  "EMCI": {
    "VenueCode": "EMCI",
    "VenueName": "Elora Multiplex: Champahati",
    "VenueAddress": "Baruipur - Champahati Road, Opposite State Bank of India, South 24 Pgs, Kolkata, West Bengal 743330, India",
    "City": "Kolkata",
    "State": "West Bengal",
    "RegionCode": "BARR",
    "SubRegionCode": "BARR",
    "Latitude": "22.3973",
    "Longitude": "88.4883",
    "AvailableFormats": "2D"
  },
  "SONP": {
    "VenueCode": "SONP",
    "VenueName": "Sonali Cinema: Dunlop",
    "VenueAddress": "140, Barrackpore Trunk Road, Narendra Nagar, Dakshineswar, Kolkata, West Bengal 700108, India",
    "City": "Kolkata",
    "State": "West Bengal",
    "RegionCode": "BARR",
    "SubRegionCode": "BARR",
    "Latitude": "22.6531",
    "Longitude": "88.3782",
    "AvailableFormats": "2D"
  },
  "BASU": {
    "VenueCode": "BASU",
    "VenueName": "Basusree Cinema: Kolkata",
    "VenueAddress": "102, S. P. Mukherjee Road, Near Jatin Das Metro Station, Kolkata, West Bengal 700026, India",
    "City": "Kolkata",
    "State": "West Bengal",
    "RegionCode": "BARR",
    "SubRegionCode": "BARR",
    "Latitude": "22.5226",
    "Longitude": "88.346",
    "AvailableFormats": "2D"
  },
  "AMLC": {
    "VenueCode": "AMLC",
    "VenueName": "Amala Cinema: Barrackpore (Dolby Atmos)",
    "VenueAddress": "82, Barrackpore - Barasat Road, Barrackpore, Barrackpore, West Bengal 700122, India",
    "City": "Barrackpore",
    "State": "West Bengal",
    "RegionCode": "BARR",
    "SubRegionCode": "BARR",
    "Latitude": "22.7672",
    "Longitude": "88.3832",
    "AvailableFormats": "2D"
  },
  "ASHO": {
    "VenueCode": "ASHO",
    "VenueName": "Ashoka Cinema: Kalwakurthy",
    "VenueAddress": "Kalwakurthy Road, Vidya Nagar, Gandhi Nagar, Near Sri Amma Hospital, Kalwakurthy, Telangana 509324, India",
    "City": "Kalwakurthy",
    "State": "Telangana",
    "RegionCode": "ACHM",
    "SubRegionCode": "ACHM",
    "Latitude": "16.6669",
    "Longitude": "78.4934",
    "AvailableFormats": "2D"
  },
  "SRTA": {
    "VenueCode": "SRTA",
    "VenueName": "Sai Ram Theater: Achampeta",
    "VenueAddress": "Achampet Road, Near M/S B Shanker Lingam Indian Oil Petrol Pump, Achampet, Telangana 509375, India",
    "City": "Achampet",
    "State": "Telangana",
    "RegionCode": "ACHM",
    "SubRegionCode": "ACHM",
    "Latitude": "16.4008",
    "Longitude": "78.6456",
    "AvailableFormats": "2D"
  },
  "STAY": {
    "VenueCode": "STAY",
    "VenueName": "Sri Satyalaxmi Theatre: Achampet",
    "VenueAddress": "Srisailam Road, Maruthi Nagar, Achampet, Telangana 509375, India",
    "City": "Achampet",
    "State": "Telangana",
    "RegionCode": "ACHM",
    "SubRegionCode": "ACHM",
    "Latitude": "16.3996",
    "Longitude": "78.6346",
    "AvailableFormats": "2D"
  },
  "RJKP": {
    "VenueCode": "RJKP",
    "VenueName": "Rajkumar Cineplex: Pusad",
    "VenueAddress": "Shivaji Chowk, Next to ICICI Bank, Opposite - Hotel Deep Sandhya, Pusad, Maharashtra 445204, India",
    "City": "Pusad",
    "State": "Maharashtra",
    "RegionCode": "DIGR",
    "SubRegionCode": "DIGR",
    "Latitude": "19.909",
    "Longitude": "77.5681",
    "AvailableFormats": "2D"
  },
  "BBPC": {
    "VenueCode": "BBPC",
    "VenueName": "Barkha Cinema: Pusad",
    "VenueAddress": "27, Pusad Road, Near Pusad Court, Near State Bank Of India, Pusad, Maharashtra 445204, India",
    "City": "Pusad",
    "State": "Maharashtra",
    "RegionCode": "DIGR",
    "SubRegionCode": "DIGR",
    "Latitude": "19.9081",
    "Longitude": "77.5721",
    "AvailableFormats": "2D"
  },
  "SAKA": {
    "VenueCode": "SAKA",
    "VenueName": "Shankar Talkies: Digras",
    "VenueAddress": "Pusad Road, Off Maharashtra State Highway 213, Gandhinagar, Digras, Maharashtra 445203, India",
    "City": "Digras",
    "State": "Maharashtra",
    "RegionCode": "DIGR",
    "SubRegionCode": "DIGR",
    "Latitude": "20.1035",
    "Longitude": "77.7136",
    "AvailableFormats": "2D"
  },
  "INZS": {
    "VenueCode": "INZS",
    "VenueName": "INOX: Z Square, Bada Chauraha",
    "VenueAddress": "3rd Floor, Z Square Mall, Bada Chauraha, Mahatma Gandhi Road, Mall Road, Downtown, Kanpur, Uttar Pradesh 208001, India",
    "City": "Kanpur",
    "State": "Uttar Pradesh",
    "RegionCode": "KANP",
    "SubRegionCode": "KANP",
    "Latitude": "26.473",
    "Longitude": "80.353",
    "AvailableFormats": "2D|3D"
  },
  "RMIK": {
    "VenueCode": "RMIK",
    "VenueName": "Rave Moti Cinemas: Kanpur",
    "VenueAddress": "117/K/13, Moti Rave Mall New, Rawatpur Main Road, Gutaiya, Kanpur, Uttar Pradesh 208026, India",
    "City": "Kanpur",
    "State": "Uttar Pradesh",
    "RegionCode": "KANP",
    "SubRegionCode": "KANP",
    "Latitude": "26.4813",
    "Longitude": "80.3001",
    "AvailableFormats": "2D"
  },
  "NYCH": {
    "VenueCode": "NYCH",
    "VenueName": "Devgn CineX (Formerly NY): Heer Palace, Kanpur",
    "VenueAddress": "63/1A, Heer Palace,Sadr Bazaar, The Mall, Kanpur, Uttar Pradesh 208001, India",
    "City": "Kanpur",
    "State": "Uttar Pradesh",
    "RegionCode": "KANP",
    "SubRegionCode": "KANP",
    "Latitude": "26.4617",
    "Longitude": "80.3593",
    "AvailableFormats": "2D"
  },
  "RAVE": {
    "VenueCode": "RAVE",
    "VenueName": "Rave 3 AV Cinemas: Kanpur",
    "VenueAddress": "Plot No. 11, Block, No. 6, Parwati Bagla Road, Permat, Kanpur, Uttar Pradesh 208002, India",
    "City": "Kanpur",
    "State": "Uttar Pradesh",
    "RegionCode": "KANP",
    "SubRegionCode": "KANP",
    "Latitude": "26.4923",
    "Longitude": "80.3275",
    "AvailableFormats": "2D"
  },
  "PSXM": {
    "VenueCode": "PSXM",
    "VenueName": "PVR: South X Mall, Kanpur",
    "VenueAddress": "Plot No.9, Block O South X Mall, Near Baba Khutti Chawraha, Kidwai Nagar Bypass Road, Scheme II, Kanpur, Uttar Pradesh 208002, India",
    "City": "Kanpur",
    "State": "Uttar Pradesh",
    "RegionCode": "KANP",
    "SubRegionCode": "KANP",
    "Latitude": "26.4378",
    "Longitude": "80.3358",
    "AvailableFormats": "2D"
  },
  "MCGP": {
    "VenueCode": "MCGP",
    "VenueName": "Miraj Cinemas: Gurudev Pammi(Newly Renovated)",
    "VenueAddress": "Gurdev Palace Complex, 181-184, Lakhanpur, G. T. Road, Kanpur, Uttar Pradesh 208024, India",
    "City": "Kanpur",
    "State": "Uttar Pradesh",
    "RegionCode": "KANP",
    "SubRegionCode": "KANP",
    "Latitude": "26.4907",
    "Longitude": "80.2847",
    "AvailableFormats": "2D"
  },
  "PDDK": {
    "VenueCode": "PDDK",
    "VenueName": "PVR: Deep, Kanpur",
    "VenueAddress": "Deep Cinema Road, 127/1/2 W-1, Saket Nagar, Kanpur, Uttar Pradesh 208014, India",
    "City": "Kanpur",
    "State": "Uttar Pradesh",
    "RegionCode": "KANP",
    "SubRegionCode": "KANP",
    "Latitude": "26.4407",
    "Longitude": "80.3104",
    "AvailableFormats": "2D"
  },
  "SDPO": {
    "VenueCode": "SDPO",
    "VenueName": "Shyam Palace Cinema: Kanpur",
    "VenueAddress": "127, 178,Juhi Hamirpur Road, Kidwai Nagar, Near GPG School, Kanpur, Uttar Pradesh 208014, India",
    "City": "Kanpur",
    "State": "Uttar Pradesh",
    "RegionCode": "KANP",
    "SubRegionCode": "KANP",
    "Latitude": "26.4455",
    "Longitude": "80.3283",
    "AvailableFormats": "2D"
  },
  "MCRL": {
    "VenueCode": "MCRL",
    "VenueName": "Movietime Cinemas: Ratan Elegance, Kanpur",
    "VenueAddress": "Ratan Elegance, Afim Kothi Chauraha, 86/275, Rajpurwa, Kanpur, Uttar Pradesh 208012, India",
    "City": "Kanpur",
    "State": "Uttar Pradesh",
    "RegionCode": "KANP",
    "SubRegionCode": "KANP",
    "Latitude": "26.4564",
    "Longitude": "80.3342",
    "AvailableFormats": "2D"
  },
  "MHKT": {
    "VenueCode": "MHKT",
    "VenueName": "Movietime Cinemas: Ratan Himachal Mall, Kanpur",
    "VenueAddress": "1st Floor Ratan Himachal Mall Ghumti No-5, Naseemabad Road, Kaushalpuri Darshan Purwa, Kanpur, Uttar Pradesh 208012, India",
    "City": "Kanpur",
    "State": "Uttar Pradesh",
    "RegionCode": "KANP",
    "SubRegionCode": "KANP",
    "Latitude": "26.4673",
    "Longitude": "80.3172",
    "AvailableFormats": "2D"
  },
  "PCSK": {
    "VenueCode": "PCSK",
    "VenueName": "PP Cinemall: Mandhana, Kanpur",
    "VenueAddress": "Shadipur, Mandhana, Kanpur, Uttar Pradesh 209217, India",
    "City": "Kanpur",
    "State": "Uttar Pradesh",
    "RegionCode": "KANP",
    "SubRegionCode": "KANP",
    "Latitude": "26.5596",
    "Longitude": "80.2186",
    "AvailableFormats": "2D"
  },
  "SAPK": {
    "VenueCode": "SAPK",
    "VenueName": "Sapna Palace Cinema: Kanpur",
    "VenueAddress": "129 A, M.G Road, The Mall, Kanpur, Uttar Pradesh 208004, India",
    "City": "Kanpur",
    "State": "Uttar Pradesh",
    "RegionCode": "KANP",
    "SubRegionCode": "KANP",
    "Latitude": "26.4611",
    "Longitude": "80.3602",
    "AvailableFormats": "2D"
  },
  "ANRR": {
    "VenueCode": "ANRR",
    "VenueName": "Navrang Cineplex: Kanpur",
    "VenueAddress": "Birhana Road, Naughara, General Ganj, Kanpur, Uttar Pradesh 208001, India",
    "City": "Kanpur",
    "State": "Uttar Pradesh",
    "RegionCode": "KANP",
    "SubRegionCode": "KANP",
    "Latitude": "26.4643",
    "Longitude": "80.3573",
    "AvailableFormats": "2D"
  },
  "NCUK": {
    "VenueCode": "NCUK",
    "VenueName": "Novelty Cinema: Kanpur",
    "VenueAddress": "77/151, Latouche Road, Khoya Bazar, Mulganj, Kanpur, Uttar Pradesh 208001, India",
    "City": "Kanpur",
    "State": "Uttar Pradesh",
    "RegionCode": "KANP",
    "SubRegionCode": "KANP",
    "Latitude": "26.4647",
    "Longitude": "80.3463",
    "AvailableFormats": "2D"
  },
  "JUGA": {
    "VenueCode": "JUGA",
    "VenueName": "Jugul Palace Cinema: Kanpur",
    "VenueAddress": "GT Road, Krishna Nagar, Near State Bank, Kanpur, Uttar Pradesh 208010, India",
    "City": "Kanpur",
    "State": "Uttar Pradesh",
    "RegionCode": "KANP",
    "SubRegionCode": "KANP",
    "Latitude": "26.4218",
    "Longitude": "80.3734",
    "AvailableFormats": "2D"
  },
  "GUCK": {
    "VenueCode": "GUCK",
    "VenueName": "Gunjan Cinema: Kanpur",
    "VenueAddress": "87/8, Gunjan Cinema, G.T.Road, Kanpur Nagar, Near Society Motors, Kanpur, Uttar Pradesh 208003, India",
    "City": "Kanpur",
    "State": "Uttar Pradesh",
    "RegionCode": "KANP",
    "SubRegionCode": "KANP",
    "Latitude": "26.4607",
    "Longitude": "80.327",
    "AvailableFormats": "2D"
  },
  "LALK": {
    "VenueCode": "LALK",
    "VenueName": "Lal Palace: Kanpur",
    "VenueAddress": "127/401 A, Block S, Kanpur Nagar, Kanpur, Uttar Pradesh 208014, India",
    "City": "Kanpur",
    "State": "Uttar Pradesh",
    "RegionCode": "KANP",
    "SubRegionCode": "KANP",
    "Latitude": "26.4401",
    "Longitude": "80.3238",
    "AvailableFormats": "2D"
  }
}